system:index,ADM_LEVEL,CC_2,COUNTRY,COUNTRY_NO,ENGTYPE_2,FID_TCL_QC,FID_world_,GID_0,GID_1,GID_2,HASC_2,ISDISPUTED,Id,MAX_LEVEL,NAME_0,NAME_0_NOR,NAME_1,NAME_1_NOR,NAME_2,NAME_2_NOR,NL_NAME_1,NL_NAME_2,SIZE,TYPE_2,VARNAME_2,b1,.geo
0,2,NA,Democratic Republic of the Congo,democratic republic of the congo,Territory,0,32607,COD,COD.6_1,COD.6.10_1,NA,FALSE,32608,2,Democratic Republic of the Congo,democratic republic of the congo,Ituri,ituri,Mambasa,mambasa,NA,NA,medium,Territoire,NA,41.30794752,"{""type"":""MultiPoint"",""coordinates"":[]}"
1,2,NA,Democratic Republic of the Congo,democratic republic of the congo,Territory,0,32608,COD,COD.6_1,COD.6.10_1,NA,FALSE,32609,2,Democratic Republic of the Congo,democratic republic of the congo,Ituri,ituri,Mambasa,mambasa,NA,NA,medium,Territoire,NA,430.5498337,"{""type"":""MultiPoint"",""coordinates"":[]}"
2,2,NA,Democratic Republic of the Congo,democratic republic of the congo,Territory,0,32609,COD,COD.6_1,COD.6.10_1,NA,FALSE,32610,2,Democratic Republic of the Congo,democratic republic of the congo,Ituri,ituri,Mambasa,mambasa,NA,NA,medium,Territoire,NA,47.69330708,"{""type"":""MultiPoint"",""coordinates"":[]}"
3,2,NA,Democratic Republic of the Congo,democratic republic of the congo,Territory,0,32967,COD,COD.6_1,COD.6.10_1,NA,FALSE,32968,2,Democratic Republic of the Congo,democratic republic of the congo,Ituri,ituri,Mambasa,mambasa,NA,NA,medium,Territoire,NA,165.3447748,"{""type"":""MultiPoint"",""coordinates"":[]}"
4,2,NA,Democratic Republic of the Congo,democratic republic of the congo,Territory,0,32968,COD,COD.6_1,COD.6.10_1,NA,FALSE,32969,2,Democratic Republic of the Congo,democratic republic of the congo,Ituri,ituri,Mambasa,mambasa,NA,NA,medium,Territoire,NA,261.8856203,"{""type"":""MultiPoint"",""coordinates"":[]}"
5,2,NA,Democratic Republic of the Congo,democratic republic of the congo,Territory,0,32969,COD,COD.6_1,COD.6.10_1,NA,FALSE,32970,2,Democratic Republic of the Congo,democratic republic of the congo,Ituri,ituri,Mambasa,mambasa,NA,NA,medium,Territoire,NA,431.9084667,"{""type"":""MultiPoint"",""coordinates"":[]}"
6,2,NA,Democratic Republic of the Congo,democratic republic of the congo,Territory,0,33328,COD,COD.6_1,COD.6.10_1,NA,FALSE,33329,2,Democratic Republic of the Congo,democratic republic of the congo,Ituri,ituri,Mambasa,mambasa,NA,NA,medium,Territoire,NA,56.96698962,"{""type"":""MultiPoint"",""coordinates"":[]}"
7,2,NA,Democratic Republic of the Congo,democratic republic of the congo,Territory,0,33329,COD,COD.6_1,COD.6.10_1,NA,FALSE,33330,2,Democratic Republic of the Congo,democratic republic of the congo,Ituri,ituri,Mambasa,mambasa,NA,NA,medium,Territoire,NA,118.5396255,"{""type"":""MultiPoint"",""coordinates"":[]}"
8,2,6208,Indonesia,indonesia,Regency,1,31251,IDN,IDN.14_1,IDN.14.13_1,ID.KT.SE,FALSE,31252,2,Indonesia,indonesia,Kalimantan Tengah,kalimantan tengah,Seruyan,seruyan,NA,NA,medium,Kabupaten,NA,24.26689598,"{""type"":""MultiPoint"",""coordinates"":[]}"
9,2,6208,Indonesia,indonesia,Regency,1,31252,IDN,IDN.14_1,IDN.14.13_1,ID.KT.SE,FALSE,31253,2,Indonesia,indonesia,Kalimantan Tengah,kalimantan tengah,Seruyan,seruyan,NA,NA,medium,Kabupaten,NA,251.4856559,"{""type"":""MultiPoint"",""coordinates"":[]}"
0000000000000000000a,2,6208,Indonesia,indonesia,Regency,1,31611,IDN,IDN.14_1,IDN.14.13_1,ID.KT.SE,FALSE,31612,2,Indonesia,indonesia,Kalimantan Tengah,kalimantan tengah,Seruyan,seruyan,NA,NA,medium,Kabupaten,NA,0,"{""type"":""MultiPoint"",""coordinates"":[]}"
0000000000000000000b,2,6208,Indonesia,indonesia,Regency,1,31612,IDN,IDN.14_1,IDN.14.13_1,ID.KT.SE,FALSE,31613,2,Indonesia,indonesia,Kalimantan Tengah,kalimantan tengah,Seruyan,seruyan,NA,NA,medium,Kabupaten,NA,664.2824263,"{""type"":""MultiPoint"",""coordinates"":[]}"
0000000000000000000c,2,6208,Indonesia,indonesia,Regency,1,31971,IDN,IDN.14_1,IDN.14.13_1,ID.KT.SE,FALSE,31972,2,Indonesia,indonesia,Kalimantan Tengah,kalimantan tengah,Seruyan,seruyan,NA,NA,medium,Kabupaten,NA,9.843773633,"{""type"":""MultiPoint"",""coordinates"":[]}"
0000000000000000000d,2,6208,Indonesia,indonesia,Regency,1,31972,IDN,IDN.14_1,IDN.14.13_1,ID.KT.SE,FALSE,31973,2,Indonesia,indonesia,Kalimantan Tengah,kalimantan tengah,Seruyan,seruyan,NA,NA,medium,Kabupaten,NA,8.842592603,"{""type"":""MultiPoint"",""coordinates"":[]}"
0000000000000000000e,2,6208,Indonesia,indonesia,Regency,1,32331,IDN,IDN.14_1,IDN.14.13_1,ID.KT.SE,FALSE,32332,2,Indonesia,indonesia,Kalimantan Tengah,kalimantan tengah,Seruyan,seruyan,NA,NA,medium,Kabupaten,NA,0,"{""type"":""MultiPoint"",""coordinates"":[]}"
0000000000000000000f,2,6208,Indonesia,indonesia,Regency,1,32332,IDN,IDN.14_1,IDN.14.13_1,ID.KT.SE,FALSE,32333,2,Indonesia,indonesia,Kalimantan Tengah,kalimantan tengah,Seruyan,seruyan,NA,NA,medium,Kabupaten,NA,0.230776099,"{""type"":""MultiPoint"",""coordinates"":[]}"
10,2,NA,Peru,peru,Province,2,27469,PER,PER.18_1,PER.18.3_1,PE.MD.TP,FALSE,27470,2,Peru,peru,Madre de Dios,madre de dios,Tambopata,tambopata,NA,NA,medium,Provincia,NA,278.9543903,"{""type"":""MultiPoint"",""coordinates"":[]}"
11,2,NA,Peru,peru,Province,2,27470,PER,PER.18_1,PER.18.3_1,PE.MD.TP,FALSE,27471,2,Peru,peru,Madre de Dios,madre de dios,Tambopata,tambopata,NA,NA,medium,Provincia,NA,2341.965667,"{""type"":""MultiPoint"",""coordinates"":[]}"
12,2,NA,Peru,peru,Province,2,27471,PER,PER.18_1,PER.18.3_1,PE.MD.TP,FALSE,27472,2,Peru,peru,Madre de Dios,madre de dios,Tambopata,tambopata,NA,NA,medium,Provincia,NA,0,"{""type"":""MultiPoint"",""coordinates"":[]}"
13,2,NA,Peru,peru,Province,2,27829,PER,PER.18_1,PER.18.3_1,PE.MD.TP,FALSE,27830,2,Peru,peru,Madre de Dios,madre de dios,Tambopata,tambopata,NA,NA,medium,Provincia,NA,6105.372303,"{""type"":""MultiPoint"",""coordinates"":[]}"
14,2,NA,Peru,peru,Province,2,27830,PER,PER.18_1,PER.18.3_1,PE.MD.TP,FALSE,27831,2,Peru,peru,Madre de Dios,madre de dios,Tambopata,tambopata,NA,NA,medium,Provincia,NA,3646.420505,"{""type"":""MultiPoint"",""coordinates"":[]}"
15,2,NA,Peru,peru,Province,2,27831,PER,PER.18_1,PER.18.3_1,PE.MD.TP,FALSE,27832,2,Peru,peru,Madre de Dios,madre de dios,Tambopata,tambopata,NA,NA,medium,Provincia,NA,52.62062512,"{""type"":""MultiPoint"",""coordinates"":[]}"
16,2,NA,Peru,peru,Province,2,28187,PER,PER.18_1,PER.18.3_1,PE.MD.TP,FALSE,28188,2,Peru,peru,Madre de Dios,madre de dios,Tambopata,tambopata,NA,NA,medium,Provincia,NA,6.193158728,"{""type"":""MultiPoint"",""coordinates"":[]}"
17,2,NA,Peru,peru,Province,2,28188,PER,PER.18_1,PER.18.3_1,PE.MD.TP,FALSE,28189,2,Peru,peru,Madre de Dios,madre de dios,Tambopata,tambopata,NA,NA,medium,Provincia,NA,26.04958195,"{""type"":""MultiPoint"",""coordinates"":[]}"
18,2,NA,Peru,peru,Province,2,28189,PER,PER.18_1,PER.18.3_1,PE.MD.TP,FALSE,28190,2,Peru,peru,Madre de Dios,madre de dios,Tambopata,tambopata,NA,NA,medium,Provincia,NA,12.36385879,"{""type"":""MultiPoint"",""coordinates"":[]}"
19,2,NA,Peru,peru,Province,2,28190,PER,PER.18_1,PER.18.3_1,PE.MD.TP,FALSE,28191,2,Peru,peru,Madre de Dios,madre de dios,Tambopata,tambopata,NA,NA,medium,Provincia,NA,33.21152391,"{""type"":""MultiPoint"",""coordinates"":[]}"
0000000000000000001a,2,NA,Peru,peru,Province,2,28191,PER,PER.18_1,PER.18.3_1,PE.MD.TP,FALSE,28192,2,Peru,peru,Madre de Dios,madre de dios,Tambopata,tambopata,NA,NA,medium,Provincia,NA,1.505945374,"{""type"":""MultiPoint"",""coordinates"":[]}"
0000000000000000001b,1,,Malaysia,malaysia,,3,34135,MYS,MYS.13_1,,,FALSE,34136,2,Malaysia,malaysia,Sabah,sabah,,,NA,,medium,,,127.1892075,"{""type"":""MultiPoint"",""coordinates"":[]}"
0000000000000000001c,1,,Malaysia,malaysia,,3,34136,MYS,MYS.13_1,,,FALSE,34137,2,Malaysia,malaysia,Sabah,sabah,,,NA,,medium,,,328.2611219,"{""type"":""MultiPoint"",""coordinates"":[]}"
0000000000000000001d,1,,Malaysia,malaysia,,3,34137,MYS,MYS.13_1,,,FALSE,34138,2,Malaysia,malaysia,Sabah,sabah,,,NA,,medium,,,1149.545797,"{""type"":""MultiPoint"",""coordinates"":[]}"
0000000000000000001e,1,,Malaysia,malaysia,,3,34138,MYS,MYS.13_1,,,FALSE,34139,2,Malaysia,malaysia,Sabah,sabah,,,NA,,medium,,,100.5148115,"{""type"":""MultiPoint"",""coordinates"":[]}"
0000000000000000001f,1,,Malaysia,malaysia,,3,34139,MYS,MYS.13_1,,,FALSE,34140,2,Malaysia,malaysia,Sabah,sabah,,,NA,,medium,,,0,"{""type"":""MultiPoint"",""coordinates"":[]}"
20,1,,Malaysia,malaysia,,3,34495,MYS,MYS.13_1,,,FALSE,34496,2,Malaysia,malaysia,Sabah,sabah,,,NA,,medium,,,775.8913008,"{""type"":""MultiPoint"",""coordinates"":[]}"
21,1,,Malaysia,malaysia,,3,34496,MYS,MYS.13_1,,,FALSE,34497,2,Malaysia,malaysia,Sabah,sabah,,,NA,,medium,,,1386.967158,"{""type"":""MultiPoint"",""coordinates"":[]}"
22,1,,Malaysia,malaysia,,3,34497,MYS,MYS.13_1,,,FALSE,34498,2,Malaysia,malaysia,Sabah,sabah,,,NA,,medium,,,2771.815983,"{""type"":""MultiPoint"",""coordinates"":[]}"
23,1,,Malaysia,malaysia,,3,34498,MYS,MYS.13_1,,,FALSE,34499,2,Malaysia,malaysia,Sabah,sabah,,,NA,,medium,,,1683.385595,"{""type"":""MultiPoint"",""coordinates"":[]}"
24,1,,Malaysia,malaysia,,3,34499,MYS,MYS.13_1,,,FALSE,34500,2,Malaysia,malaysia,Sabah,sabah,,,NA,,medium,,,106.9502327,"{""type"":""MultiPoint"",""coordinates"":[]}"
25,1,,Malaysia,malaysia,,3,34855,MYS,MYS.13_1,,,FALSE,34856,2,Malaysia,malaysia,Sabah,sabah,,,NA,,medium,,,0,"{""type"":""MultiPoint"",""coordinates"":[]}"
26,1,,Malaysia,malaysia,,3,34856,MYS,MYS.13_1,,,FALSE,34857,2,Malaysia,malaysia,Sabah,sabah,,,NA,,medium,,,1495.521247,"{""type"":""MultiPoint"",""coordinates"":[]}"
27,1,,Malaysia,malaysia,,3,34857,MYS,MYS.13_1,,,FALSE,34858,2,Malaysia,malaysia,Sabah,sabah,,,NA,,medium,,,1549.721748,"{""type"":""MultiPoint"",""coordinates"":[]}"
28,1,,Malaysia,malaysia,,3,34858,MYS,MYS.13_1,,,FALSE,34859,2,Malaysia,malaysia,Sabah,sabah,,,NA,,medium,,,0.765001154,"{""type"":""MultiPoint"",""coordinates"":[]}"
29,1,,Malaysia,malaysia,,3,35216,MYS,MYS.13_1,,,FALSE,35217,2,Malaysia,malaysia,Sabah,sabah,,,NA,,medium,,,16.71997798,"{""type"":""MultiPoint"",""coordinates"":[]}"
0000000000000000002a,1,,Malaysia,malaysia,,3,35217,MYS,MYS.13_1,,,FALSE,35218,2,Malaysia,malaysia,Sabah,sabah,,,NA,,medium,,,34.42996637,"{""type"":""MultiPoint"",""coordinates"":[]}"
0000000000000000002b,1,,Suriname,suriname,,4,32883,SUR,SUR.9_1,,,FALSE,32884,2,Suriname,suriname,Sipaliwini,sipaliwini,,,NA,,small,,,2.229802338,"{""type"":""MultiPoint"",""coordinates"":[]}"
0000000000000000002c,1,,Suriname,suriname,,4,32884,SUR,SUR.9_1,,,FALSE,32885,2,Suriname,suriname,Sipaliwini,sipaliwini,,,NA,,small,,,0,"{""type"":""MultiPoint"",""coordinates"":[]}"
0000000000000000002d,1,,Suriname,suriname,,4,33242,SUR,SUR.9_1,,,FALSE,33243,2,Suriname,suriname,Sipaliwini,sipaliwini,,,NA,,small,,,0.53796615,"{""type"":""MultiPoint"",""coordinates"":[]}"
0000000000000000002e,1,,Suriname,suriname,,4,33243,SUR,SUR.9_1,,,FALSE,33244,2,Suriname,suriname,Sipaliwini,sipaliwini,,,NA,,small,,,53.95807404,"{""type"":""MultiPoint"",""coordinates"":[]}"
0000000000000000002f,1,,Suriname,suriname,,4,33244,SUR,SUR.9_1,,,FALSE,33245,2,Suriname,suriname,Sipaliwini,sipaliwini,,,NA,,small,,,28.35704675,"{""type"":""MultiPoint"",""coordinates"":[]}"
30,1,,Suriname,suriname,,4,33245,SUR,SUR.9_1,,,FALSE,33246,2,Suriname,suriname,Sipaliwini,sipaliwini,,,NA,,small,,,45.18554104,"{""type"":""MultiPoint"",""coordinates"":[]}"
31,1,,Suriname,suriname,,4,33601,SUR,SUR.9_1,,,FALSE,33602,2,Suriname,suriname,Sipaliwini,sipaliwini,,,NA,,small,,,1.611761072,"{""type"":""MultiPoint"",""coordinates"":[]}"
32,1,,Suriname,suriname,,4,33602,SUR,SUR.9_1,,,FALSE,33603,2,Suriname,suriname,Sipaliwini,sipaliwini,,,NA,,small,,,26.02933926,"{""type"":""MultiPoint"",""coordinates"":[]}"
33,1,,Suriname,suriname,,4,33603,SUR,SUR.9_1,,,FALSE,33604,2,Suriname,suriname,Sipaliwini,sipaliwini,,,NA,,small,,,81.3161306,"{""type"":""MultiPoint"",""coordinates"":[]}"
34,1,,Suriname,suriname,,4,33604,SUR,SUR.9_1,,,FALSE,33605,2,Suriname,suriname,Sipaliwini,sipaliwini,,,NA,,small,,,131.0760378,"{""type"":""MultiPoint"",""coordinates"":[]}"
35,1,,Suriname,suriname,,4,33605,SUR,SUR.9_1,,,FALSE,33606,2,Suriname,suriname,Sipaliwini,sipaliwini,,,NA,,small,,,205.0926353,"{""type"":""MultiPoint"",""coordinates"":[]}"
36,1,,Suriname,suriname,,4,33606,SUR,SUR.9_1,,,FALSE,33607,2,Suriname,suriname,Sipaliwini,sipaliwini,,,NA,,small,,,0.230351239,"{""type"":""MultiPoint"",""coordinates"":[]}"
37,1,,Suriname,suriname,,4,33961,SUR,SUR.9_1,,,FALSE,33962,2,Suriname,suriname,Sipaliwini,sipaliwini,,,NA,,small,,,0.230214203,"{""type"":""MultiPoint"",""coordinates"":[]}"
38,1,,Suriname,suriname,,4,33962,SUR,SUR.9_1,,,FALSE,33963,2,Suriname,suriname,Sipaliwini,sipaliwini,,,NA,,small,,,22.08722067,"{""type"":""MultiPoint"",""coordinates"":[]}"
39,1,,Suriname,suriname,,4,33963,SUR,SUR.9_1,,,FALSE,33964,2,Suriname,suriname,Sipaliwini,sipaliwini,,,NA,,small,,,57.13893217,"{""type"":""MultiPoint"",""coordinates"":[]}"
0000000000000000003a,1,,Suriname,suriname,,4,33964,SUR,SUR.9_1,,,FALSE,33965,2,Suriname,suriname,Sipaliwini,sipaliwini,,,NA,,small,,,149.772921,"{""type"":""MultiPoint"",""coordinates"":[]}"
0000000000000000003b,1,,Suriname,suriname,,4,33965,SUR,SUR.9_1,,,FALSE,33966,2,Suriname,suriname,Sipaliwini,sipaliwini,,,NA,,small,,,382.0431599,"{""type"":""MultiPoint"",""coordinates"":[]}"
0000000000000000003c,1,,Suriname,suriname,,4,34322,SUR,SUR.9_1,,,FALSE,34323,2,Suriname,suriname,Sipaliwini,sipaliwini,,,NA,,small,,,2.759016364,"{""type"":""MultiPoint"",""coordinates"":[]}"
0000000000000000003d,1,,Suriname,suriname,,4,34323,SUR,SUR.9_1,,,FALSE,34324,2,Suriname,suriname,Sipaliwini,sipaliwini,,,NA,,small,,,22.98504031,"{""type"":""MultiPoint"",""coordinates"":[]}"
0000000000000000003e,1,,Suriname,suriname,,4,34324,SUR,SUR.9_1,,,FALSE,34325,2,Suriname,suriname,Sipaliwini,sipaliwini,,,NA,,small,,,45.98505805,"{""type"":""MultiPoint"",""coordinates"":[]}"
0000000000000000003f,1,,Suriname,suriname,,4,34325,SUR,SUR.9_1,,,FALSE,34326,2,Suriname,suriname,Sipaliwini,sipaliwini,,,NA,,small,,,125.7599794,"{""type"":""MultiPoint"",""coordinates"":[]}"
40,1,,United States,united states,,5,45430,USA,USA.6_1,,,FALSE,45431,2,United States,united states,Colorado,colorado,,,NA,,very big,,,0,"{""type"":""MultiPoint"",""coordinates"":[]}"
41,1,,United States,united states,,5,45431,USA,USA.6_1,,,FALSE,45432,2,United States,united states,Colorado,colorado,,,NA,,very big,,,0,"{""type"":""MultiPoint"",""coordinates"":[]}"
42,1,,United States,united states,,5,45432,USA,USA.6_1,,,FALSE,45433,2,United States,united states,Colorado,colorado,,,NA,,very big,,,0.370438257,"{""type"":""MultiPoint"",""coordinates"":[]}"
43,1,,United States,united states,,5,45433,USA,USA.6_1,,,FALSE,45434,2,United States,united states,Colorado,colorado,,,NA,,very big,,,2.716643738,"{""type"":""MultiPoint"",""coordinates"":[]}"
44,1,,United States,united states,,5,45434,USA,USA.6_1,,,FALSE,45435,2,United States,united states,Colorado,colorado,,,NA,,very big,,,0,"{""type"":""MultiPoint"",""coordinates"":[]}"
45,1,,United States,united states,,5,45435,USA,USA.6_1,,,FALSE,45436,2,United States,united states,Colorado,colorado,,,NA,,very big,,,0,"{""type"":""MultiPoint"",""coordinates"":[]}"
46,1,,United States,united states,,5,45436,USA,USA.6_1,,,FALSE,45437,2,United States,united states,Colorado,colorado,,,NA,,very big,,,0,"{""type"":""MultiPoint"",""coordinates"":[]}"
47,1,,United States,united states,,5,45437,USA,USA.6_1,,,FALSE,45438,2,United States,united states,Colorado,colorado,,,NA,,very big,,,0,"{""type"":""MultiPoint"",""coordinates"":[]}"
48,1,,United States,united states,,5,45790,USA,USA.6_1,,,FALSE,45791,2,United States,united states,Colorado,colorado,,,NA,,very big,,,0.430271417,"{""type"":""MultiPoint"",""coordinates"":[]}"
49,1,,United States,united states,,5,45791,USA,USA.6_1,,,FALSE,45792,2,United States,united states,Colorado,colorado,,,NA,,very big,,,675.4079785,"{""type"":""MultiPoint"",""coordinates"":[]}"
0000000000000000004a,1,,United States,united states,,5,45792,USA,USA.6_1,,,FALSE,45793,2,United States,united states,Colorado,colorado,,,NA,,very big,,,626.4617696,"{""type"":""MultiPoint"",""coordinates"":[]}"
0000000000000000004b,1,,United States,united states,,5,45793,USA,USA.6_1,,,FALSE,45794,2,United States,united states,Colorado,colorado,,,NA,,very big,,,2320.632912,"{""type"":""MultiPoint"",""coordinates"":[]}"
0000000000000000004c,1,,United States,united states,,5,45794,USA,USA.6_1,,,FALSE,45795,2,United States,united states,Colorado,colorado,,,NA,,very big,,,1340.972214,"{""type"":""MultiPoint"",""coordinates"":[]}"
0000000000000000004d,1,,United States,united states,,5,45795,USA,USA.6_1,,,FALSE,45796,2,United States,united states,Colorado,colorado,,,NA,,very big,,,152.3445669,"{""type"":""MultiPoint"",""coordinates"":[]}"
0000000000000000004e,1,,United States,united states,,5,45796,USA,USA.6_1,,,FALSE,45797,2,United States,united states,Colorado,colorado,,,NA,,very big,,,61.87671887,"{""type"":""MultiPoint"",""coordinates"":[]}"
0000000000000000004f,1,,United States,united states,,5,45797,USA,USA.6_1,,,FALSE,45798,2,United States,united states,Colorado,colorado,,,NA,,very big,,,4.602280328,"{""type"":""MultiPoint"",""coordinates"":[]}"
50,1,,United States,united states,,5,46150,USA,USA.6_1,,,FALSE,46151,2,United States,united states,Colorado,colorado,,,NA,,very big,,,6.820988708,"{""type"":""MultiPoint"",""coordinates"":[]}"
51,1,,United States,united states,,5,46151,USA,USA.6_1,,,FALSE,46152,2,United States,united states,Colorado,colorado,,,NA,,very big,,,777.2323159,"{""type"":""MultiPoint"",""coordinates"":[]}"
52,1,,United States,united states,,5,46152,USA,USA.6_1,,,FALSE,46153,2,United States,united states,Colorado,colorado,,,NA,,very big,,,1045.747221,"{""type"":""MultiPoint"",""coordinates"":[]}"
53,1,,United States,united states,,5,46153,USA,USA.6_1,,,FALSE,46154,2,United States,united states,Colorado,colorado,,,NA,,very big,,,356.6808908,"{""type"":""MultiPoint"",""coordinates"":[]}"
54,1,,United States,united states,,5,46154,USA,USA.6_1,,,FALSE,46155,2,United States,united states,Colorado,colorado,,,NA,,very big,,,278.7983332,"{""type"":""MultiPoint"",""coordinates"":[]}"
55,1,,United States,united states,,5,46155,USA,USA.6_1,,,FALSE,46156,2,United States,united states,Colorado,colorado,,,NA,,very big,,,373.4199862,"{""type"":""MultiPoint"",""coordinates"":[]}"
56,1,,United States,united states,,5,46156,USA,USA.6_1,,,FALSE,46157,2,United States,united states,Colorado,colorado,,,NA,,very big,,,299.2650927,"{""type"":""MultiPoint"",""coordinates"":[]}"
57,1,,United States,united states,,5,46157,USA,USA.6_1,,,FALSE,46158,2,United States,united states,Colorado,colorado,,,NA,,very big,,,691.5131414,"{""type"":""MultiPoint"",""coordinates"":[]}"
58,1,,United States,united states,,5,46510,USA,USA.6_1,,,FALSE,46511,2,United States,united states,Colorado,colorado,,,NA,,very big,,,6.621295508,"{""type"":""MultiPoint"",""coordinates"":[]}"
59,1,,United States,united states,,5,46511,USA,USA.6_1,,,FALSE,46512,2,United States,united states,Colorado,colorado,,,NA,,very big,,,1159.87287,"{""type"":""MultiPoint"",""coordinates"":[]}"
0000000000000000005a,1,,United States,united states,,5,46512,USA,USA.6_1,,,FALSE,46513,2,United States,united states,Colorado,colorado,,,NA,,very big,,,2154.986828,"{""type"":""MultiPoint"",""coordinates"":[]}"
0000000000000000005b,1,,United States,united states,,5,46513,USA,USA.6_1,,,FALSE,46514,2,United States,united states,Colorado,colorado,,,NA,,very big,,,2883.313983,"{""type"":""MultiPoint"",""coordinates"":[]}"
0000000000000000005c,1,,United States,united states,,5,46514,USA,USA.6_1,,,FALSE,46515,2,United States,united states,Colorado,colorado,,,NA,,very big,,,567.1526065,"{""type"":""MultiPoint"",""coordinates"":[]}"
0000000000000000005d,1,,United States,united states,,5,46515,USA,USA.6_1,,,FALSE,46516,2,United States,united states,Colorado,colorado,,,NA,,very big,,,277.7124065,"{""type"":""MultiPoint"",""coordinates"":[]}"
0000000000000000005e,1,,United States,united states,,5,46516,USA,USA.6_1,,,FALSE,46517,2,United States,united states,Colorado,colorado,,,NA,,very big,,,54.85322721,"{""type"":""MultiPoint"",""coordinates"":[]}"
0000000000000000005f,1,,United States,united states,,5,46517,USA,USA.6_1,,,FALSE,46518,2,United States,united states,Colorado,colorado,,,NA,,very big,,,249.1832323,"{""type"":""MultiPoint"",""coordinates"":[]}"
60,1,,United States,united states,,5,46870,USA,USA.6_1,,,FALSE,46871,2,United States,united states,Colorado,colorado,,,NA,,very big,,,16.71364107,"{""type"":""MultiPoint"",""coordinates"":[]}"
61,1,,United States,united states,,5,46871,USA,USA.6_1,,,FALSE,46872,2,United States,united states,Colorado,colorado,,,NA,,very big,,,631.2465379,"{""type"":""MultiPoint"",""coordinates"":[]}"
62,1,,United States,united states,,5,46872,USA,USA.6_1,,,FALSE,46873,2,United States,united states,Colorado,colorado,,,NA,,very big,,,5226.872673,"{""type"":""MultiPoint"",""coordinates"":[]}"
63,1,,United States,united states,,5,46873,USA,USA.6_1,,,FALSE,46874,2,United States,united states,Colorado,colorado,,,NA,,very big,,,3185.581852,"{""type"":""MultiPoint"",""coordinates"":[]}"
64,1,,United States,united states,,5,46874,USA,USA.6_1,,,FALSE,46875,2,United States,united states,Colorado,colorado,,,NA,,very big,,,572.6970277,"{""type"":""MultiPoint"",""coordinates"":[]}"
65,1,,United States,united states,,5,46875,USA,USA.6_1,,,FALSE,46876,2,United States,united states,Colorado,colorado,,,NA,,very big,,,1171.870997,"{""type"":""MultiPoint"",""coordinates"":[]}"
66,1,,United States,united states,,5,46876,USA,USA.6_1,,,FALSE,46877,2,United States,united states,Colorado,colorado,,,NA,,very big,,,163.9829598,"{""type"":""MultiPoint"",""coordinates"":[]}"
67,1,,United States,united states,,5,46877,USA,USA.6_1,,,FALSE,46878,2,United States,united states,Colorado,colorado,,,NA,,very big,,,509.9181042,"{""type"":""MultiPoint"",""coordinates"":[]}"
68,1,,United States,united states,,5,47230,USA,USA.6_1,,,FALSE,47231,2,United States,united states,Colorado,colorado,,,NA,,very big,,,0,"{""type"":""MultiPoint"",""coordinates"":[]}"
69,1,,United States,united states,,5,47231,USA,USA.6_1,,,FALSE,47232,2,United States,united states,Colorado,colorado,,,NA,,very big,,,0,"{""type"":""MultiPoint"",""coordinates"":[]}"
0000000000000000006a,1,,United States,united states,,5,47232,USA,USA.6_1,,,FALSE,47233,2,United States,united states,Colorado,colorado,,,NA,,very big,,,24.46783786,"{""type"":""MultiPoint"",""coordinates"":[]}"
0000000000000000006b,1,,United States,united states,,5,47233,USA,USA.6_1,,,FALSE,47234,2,United States,united states,Colorado,colorado,,,NA,,very big,,,1.167928467,"{""type"":""MultiPoint"",""coordinates"":[]}"
0000000000000000006c,1,,United States,united states,,5,47234,USA,USA.6_1,,,FALSE,47235,2,United States,united states,Colorado,colorado,,,NA,,very big,,,0,"{""type"":""MultiPoint"",""coordinates"":[]}"
0000000000000000006d,1,,United States,united states,,5,47235,USA,USA.6_1,,,FALSE,47236,2,United States,united states,Colorado,colorado,,,NA,,very big,,,0,"{""type"":""MultiPoint"",""coordinates"":[]}"
0000000000000000006e,1,,United States,united states,,5,47236,USA,USA.6_1,,,FALSE,47237,2,United States,united states,Colorado,colorado,,,NA,,very big,,,0,"{""type"":""MultiPoint"",""coordinates"":[]}"
0000000000000000006f,1,,United States,united states,,5,47237,USA,USA.6_1,,,FALSE,47238,2,United States,united states,Colorado,colorado,,,NA,,very big,,,0,"{""type"":""MultiPoint"",""coordinates"":[]}"
70,0,,Czechia,czechia,,6,49873,CZE,,,,FALSE,49874,2,Czechia,czechia,,,,,,,small,,,68.99384436,"{""type"":""MultiPoint"",""coordinates"":[]}"
71,0,,Czechia,czechia,,6,49874,CZE,,,,FALSE,49875,2,Czechia,czechia,,,,,,,small,,,1355.841257,"{""type"":""MultiPoint"",""coordinates"":[]}"
72,0,,Czechia,czechia,,6,49875,CZE,,,,FALSE,49876,2,Czechia,czechia,,,,,,,small,,,243.0482848,"{""type"":""MultiPoint"",""coordinates"":[]}"
73,0,,Czechia,czechia,,6,49876,CZE,,,,FALSE,49877,2,Czechia,czechia,,,,,,,small,,,1932.935807,"{""type"":""MultiPoint"",""coordinates"":[]}"
74,0,,Czechia,czechia,,6,49877,CZE,,,,FALSE,49878,2,Czechia,czechia,,,,,,,small,,,396.6557533,"{""type"":""MultiPoint"",""coordinates"":[]}"
75,0,,Czechia,czechia,,6,50232,CZE,,,,FALSE,50233,2,Czechia,czechia,,,,,,,small,,,964.2276072,"{""type"":""MultiPoint"",""coordinates"":[]}"
76,0,,Czechia,czechia,,6,50233,CZE,,,,FALSE,50234,2,Czechia,czechia,,,,,,,small,,,3039.490741,"{""type"":""MultiPoint"",""coordinates"":[]}"
77,0,,Czechia,czechia,,6,50234,CZE,,,,FALSE,50235,2,Czechia,czechia,,,,,,,small,,,4507.523982,"{""type"":""MultiPoint"",""coordinates"":[]}"
78,0,,Czechia,czechia,,6,50235,CZE,,,,FALSE,50236,2,Czechia,czechia,,,,,,,small,,,5916.693207,"{""type"":""MultiPoint"",""coordinates"":[]}"
79,0,,Czechia,czechia,,6,50236,CZE,,,,FALSE,50237,2,Czechia,czechia,,,,,,,small,,,4174.203411,"{""type"":""MultiPoint"",""coordinates"":[]}"
0000000000000000007a,0,,Czechia,czechia,,6,50237,CZE,,,,FALSE,50238,2,Czechia,czechia,,,,,,,small,,,3497.854827,"{""type"":""MultiPoint"",""coordinates"":[]}"
0000000000000000007b,0,,Czechia,czechia,,6,50238,CZE,,,,FALSE,50239,2,Czechia,czechia,,,,,,,small,,,1117.644703,"{""type"":""MultiPoint"",""coordinates"":[]}"
0000000000000000007c,0,,Czechia,czechia,,6,50592,CZE,,,,FALSE,50593,2,Czechia,czechia,,,,,,,small,,,227.5725298,"{""type"":""MultiPoint"",""coordinates"":[]}"
0000000000000000007d,0,,Czechia,czechia,,6,50593,CZE,,,,FALSE,50594,2,Czechia,czechia,,,,,,,small,,,839.9573804,"{""type"":""MultiPoint"",""coordinates"":[]}"
0000000000000000007e,0,,Czechia,czechia,,6,50594,CZE,,,,FALSE,50595,2,Czechia,czechia,,,,,,,small,,,2096.226015,"{""type"":""MultiPoint"",""coordinates"":[]}"
0000000000000000007f,0,,Czechia,czechia,,6,50595,CZE,,,,FALSE,50596,2,Czechia,czechia,,,,,,,small,,,3029.081977,"{""type"":""MultiPoint"",""coordinates"":[]}"
80,0,,Czechia,czechia,,6,50596,CZE,,,,FALSE,50597,2,Czechia,czechia,,,,,,,small,,,759.5216314,"{""type"":""MultiPoint"",""coordinates"":[]}"
81,0,,Czechia,czechia,,6,50597,CZE,,,,FALSE,50598,2,Czechia,czechia,,,,,,,small,,,1139.646623,"{""type"":""MultiPoint"",""coordinates"":[]}"
82,0,,Czechia,czechia,,6,50598,CZE,,,,FALSE,50599,2,Czechia,czechia,,,,,,,small,,,22.36583746,"{""type"":""MultiPoint"",""coordinates"":[]}"
83,0,,Czechia,czechia,,6,50954,CZE,,,,FALSE,50955,2,Czechia,czechia,,,,,,,small,,,15.27132568,"{""type"":""MultiPoint"",""coordinates"":[]}"
84,0,,Czechia,czechia,,6,50955,CZE,,,,FALSE,50956,2,Czechia,czechia,,,,,,,small,,,0.536690347,"{""type"":""MultiPoint"",""coordinates"":[]}"
85,0,,Gambia,gambia,,7,37243,GMB,,,,FALSE,37244,2,Gambia,gambia,,,,,,,small,,,19.10842211,"{""type"":""MultiPoint"",""coordinates"":[]}"
86,0,,Gambia,gambia,,7,37244,GMB,,,,FALSE,37245,2,Gambia,gambia,,,,,,,small,,,98.32094034,"{""type"":""MultiPoint"",""coordinates"":[]}"
87,0,,Gambia,gambia,,7,37245,GMB,,,,FALSE,37246,2,Gambia,gambia,,,,,,,small,,,27.54806386,"{""type"":""MultiPoint"",""coordinates"":[]}"
88,0,,Gambia,gambia,,7,37246,GMB,,,,FALSE,37247,2,Gambia,gambia,,,,,,,small,,,0,"{""type"":""MultiPoint"",""coordinates"":[]}"
89,0,,New Zealand,new zealand,,8,13668,NZL,,,,FALSE,13669,2,New Zealand,new zealand,,,,,,,medium,,,0,"{""type"":""MultiPoint"",""coordinates"":[]}"
0000000000000000008a,0,,New Zealand,new zealand,,8,13669,NZL,,,,FALSE,13670,2,New Zealand,new zealand,,,,,,,medium,,,0,"{""type"":""MultiPoint"",""coordinates"":[]}"
0000000000000000008b,0,,New Zealand,new zealand,,8,14385,NZL,,,,FALSE,14386,2,New Zealand,new zealand,,,,,,,medium,,,0,"{""type"":""MultiPoint"",""coordinates"":[]}"
0000000000000000008c,0,,New Zealand,new zealand,,8,14386,NZL,,,,FALSE,14387,2,New Zealand,new zealand,,,,,,,medium,,,0,"{""type"":""MultiPoint"",""coordinates"":[]}"
0000000000000000008d,0,,New Zealand,new zealand,,8,14758,NZL,,,,FALSE,14759,2,New Zealand,new zealand,,,,,,,medium,,,0,"{""type"":""MultiPoint"",""coordinates"":[]}"
0000000000000000008e,0,,New Zealand,new zealand,,8,15106,NZL,,,,FALSE,15107,2,New Zealand,new zealand,,,,,,,medium,,,0,"{""type"":""MultiPoint"",""coordinates"":[]}"
0000000000000000008f,0,,New Zealand,new zealand,,8,15467,NZL,,,,FALSE,15468,2,New Zealand,new zealand,,,,,,,medium,,,1.317885699,"{""type"":""MultiPoint"",""coordinates"":[]}"
90,0,,New Zealand,new zealand,,8,15468,NZL,,,,FALSE,15469,2,New Zealand,new zealand,,,,,,,medium,,,0,"{""type"":""MultiPoint"",""coordinates"":[]}"
91,0,,New Zealand,new zealand,,8,15479,NZL,,,,FALSE,15480,2,New Zealand,new zealand,,,,,,,medium,,,0,"{""type"":""MultiPoint"",""coordinates"":[]}"
92,0,,New Zealand,new zealand,,8,15826,NZL,,,,FALSE,15827,2,New Zealand,new zealand,,,,,,,medium,,,49.35511929,"{""type"":""MultiPoint"",""coordinates"":[]}"
93,0,,New Zealand,new zealand,,8,15827,NZL,,,,FALSE,15828,2,New Zealand,new zealand,,,,,,,medium,,,633.002748,"{""type"":""MultiPoint"",""coordinates"":[]}"
94,0,,New Zealand,new zealand,,8,15828,NZL,,,,FALSE,15829,2,New Zealand,new zealand,,,,,,,medium,,,1101.676671,"{""type"":""MultiPoint"",""coordinates"":[]}"
95,0,,New Zealand,new zealand,,8,15829,NZL,,,,FALSE,15830,2,New Zealand,new zealand,,,,,,,medium,,,2251.296602,"{""type"":""MultiPoint"",""coordinates"":[]}"
96,0,,New Zealand,new zealand,,8,15830,NZL,,,,FALSE,15831,2,New Zealand,new zealand,,,,,,,medium,,,178.3154368,"{""type"":""MultiPoint"",""coordinates"":[]}"
97,0,,New Zealand,new zealand,,8,16186,NZL,,,,FALSE,16187,2,New Zealand,new zealand,,,,,,,medium,,,129.3875749,"{""type"":""MultiPoint"",""coordinates"":[]}"
98,0,,New Zealand,new zealand,,8,16187,NZL,,,,FALSE,16188,2,New Zealand,new zealand,,,,,,,medium,,,2035.946239,"{""type"":""MultiPoint"",""coordinates"":[]}"
99,0,,New Zealand,new zealand,,8,16188,NZL,,,,FALSE,16189,2,New Zealand,new zealand,,,,,,,medium,,,1744.68203,"{""type"":""MultiPoint"",""coordinates"":[]}"
0000000000000000009a,0,,New Zealand,new zealand,,8,16189,NZL,,,,FALSE,16190,2,New Zealand,new zealand,,,,,,,medium,,,1191.303594,"{""type"":""MultiPoint"",""coordinates"":[]}"
0000000000000000009b,0,,New Zealand,new zealand,,8,16190,NZL,,,,FALSE,16191,2,New Zealand,new zealand,,,,,,,medium,,,1184.16395,"{""type"":""MultiPoint"",""coordinates"":[]}"
0000000000000000009c,0,,New Zealand,new zealand,,8,16191,NZL,,,,FALSE,16192,2,New Zealand,new zealand,,,,,,,medium,,,22.11398539,"{""type"":""MultiPoint"",""coordinates"":[]}"
0000000000000000009d,0,,New Zealand,new zealand,,8,16203,NZL,,,,FALSE,16204,2,New Zealand,new zealand,,,,,,,medium,,,0,"{""type"":""MultiPoint"",""coordinates"":[]}"
0000000000000000009e,0,,New Zealand,new zealand,,8,16547,NZL,,,,FALSE,16548,2,New Zealand,new zealand,,,,,,,medium,,,59.81517692,"{""type"":""MultiPoint"",""coordinates"":[]}"
0000000000000000009f,0,,New Zealand,new zealand,,8,16548,NZL,,,,FALSE,16549,2,New Zealand,new zealand,,,,,,,medium,,,902.1921744,"{""type"":""MultiPoint"",""coordinates"":[]}"
000000000000000000a0,0,,New Zealand,new zealand,,8,16549,NZL,,,,FALSE,16550,2,New Zealand,new zealand,,,,,,,medium,,,1283.112207,"{""type"":""MultiPoint"",""coordinates"":[]}"
000000000000000000a1,0,,New Zealand,new zealand,,8,16550,NZL,,,,FALSE,16551,2,New Zealand,new zealand,,,,,,,medium,,,2810.11136,"{""type"":""MultiPoint"",""coordinates"":[]}"
000000000000000000a2,0,,New Zealand,new zealand,,8,16551,NZL,,,,FALSE,16552,2,New Zealand,new zealand,,,,,,,medium,,,3507.742003,"{""type"":""MultiPoint"",""coordinates"":[]}"
000000000000000000a3,0,,New Zealand,new zealand,,8,16563,NZL,,,,FALSE,16564,2,New Zealand,new zealand,,,,,,,medium,,,0,"{""type"":""MultiPoint"",""coordinates"":[]}"
000000000000000000a4,0,,New Zealand,new zealand,,8,16908,NZL,,,,FALSE,16909,2,New Zealand,new zealand,,,,,,,medium,,,26.15964435,"{""type"":""MultiPoint"",""coordinates"":[]}"
000000000000000000a5,0,,New Zealand,new zealand,,8,16909,NZL,,,,FALSE,16910,2,New Zealand,new zealand,,,,,,,medium,,,517.7282418,"{""type"":""MultiPoint"",""coordinates"":[]}"
000000000000000000a6,0,,New Zealand,new zealand,,8,16910,NZL,,,,FALSE,16911,2,New Zealand,new zealand,,,,,,,medium,,,1497.834777,"{""type"":""MultiPoint"",""coordinates"":[]}"
000000000000000000a7,0,,New Zealand,new zealand,,8,16911,NZL,,,,FALSE,16912,2,New Zealand,new zealand,,,,,,,medium,,,7949.411477,"{""type"":""MultiPoint"",""coordinates"":[]}"
000000000000000000a8,0,,New Zealand,new zealand,,8,16912,NZL,,,,FALSE,16913,2,New Zealand,new zealand,,,,,,,medium,,,3816.203675,"{""type"":""MultiPoint"",""coordinates"":[]}"
000000000000000000a9,0,,New Zealand,new zealand,,8,16913,NZL,,,,FALSE,16914,2,New Zealand,new zealand,,,,,,,medium,,,11.43365317,"{""type"":""MultiPoint"",""coordinates"":[]}"
000000000000000000aa,0,,New Zealand,new zealand,,8,17270,NZL,,,,FALSE,17271,2,New Zealand,new zealand,,,,,,,medium,,,798.6598573,"{""type"":""MultiPoint"",""coordinates"":[]}"
000000000000000000ab,0,,New Zealand,new zealand,,8,17271,NZL,,,,FALSE,17272,2,New Zealand,new zealand,,,,,,,medium,,,2313.331246,"{""type"":""MultiPoint"",""coordinates"":[]}"
000000000000000000ac,0,,New Zealand,new zealand,,8,17272,NZL,,,,FALSE,17273,2,New Zealand,new zealand,,,,,,,medium,,,1693.877586,"{""type"":""MultiPoint"",""coordinates"":[]}"
000000000000000000ad,0,,New Zealand,new zealand,,8,17273,NZL,,,,FALSE,17274,2,New Zealand,new zealand,,,,,,,medium,,,652.3584727,"{""type"":""MultiPoint"",""coordinates"":[]}"
000000000000000000ae,0,,New Zealand,new zealand,,8,17274,NZL,,,,FALSE,17275,2,New Zealand,new zealand,,,,,,,medium,,,0,"{""type"":""MultiPoint"",""coordinates"":[]}"
000000000000000000af,0,,New Zealand,new zealand,,8,17631,NZL,,,,FALSE,17632,2,New Zealand,new zealand,,,,,,,medium,,,143.4665783,"{""type"":""MultiPoint"",""coordinates"":[]}"
000000000000000000b0,0,,New Zealand,new zealand,,8,17632,NZL,,,,FALSE,17633,2,New Zealand,new zealand,,,,,,,medium,,,1407.95766,"{""type"":""MultiPoint"",""coordinates"":[]}"
000000000000000000b1,0,,New Zealand,new zealand,,8,17633,NZL,,,,FALSE,17634,2,New Zealand,new zealand,,,,,,,medium,,,849.5022247,"{""type"":""MultiPoint"",""coordinates"":[]}"
000000000000000000b2,0,,New Zealand,new zealand,,8,17634,NZL,,,,FALSE,17635,2,New Zealand,new zealand,,,,,,,medium,,,153.4464276,"{""type"":""MultiPoint"",""coordinates"":[]}"
000000000000000000b3,0,,New Zealand,new zealand,,8,17635,NZL,,,,FALSE,17636,2,New Zealand,new zealand,,,,,,,medium,,,89.79765538,"{""type"":""MultiPoint"",""coordinates"":[]}"
000000000000000000b4,0,,New Zealand,new zealand,,8,17636,NZL,,,,FALSE,17637,2,New Zealand,new zealand,,,,,,,medium,,,5.89156496,"{""type"":""MultiPoint"",""coordinates"":[]}"
000000000000000000b5,0,,New Zealand,new zealand,,8,17992,NZL,,,,FALSE,17993,2,New Zealand,new zealand,,,,,,,medium,,,224.3241537,"{""type"":""MultiPoint"",""coordinates"":[]}"
000000000000000000b6,0,,New Zealand,new zealand,,8,17993,NZL,,,,FALSE,17994,2,New Zealand,new zealand,,,,,,,medium,,,8.359570984,"{""type"":""MultiPoint"",""coordinates"":[]}"
000000000000000000b7,0,,New Zealand,new zealand,,8,17994,NZL,,,,FALSE,17995,2,New Zealand,new zealand,,,,,,,medium,,,3.565274469,"{""type"":""MultiPoint"",""coordinates"":[]}"
000000000000000000b8,0,,New Zealand,new zealand,,8,17995,NZL,,,,FALSE,17996,2,New Zealand,new zealand,,,,,,,medium,,,866.4406179,"{""type"":""MultiPoint"",""coordinates"":[]}"
000000000000000000b9,0,,New Zealand,new zealand,,8,17996,NZL,,,,FALSE,17997,2,New Zealand,new zealand,,,,,,,medium,,,452.0811024,"{""type"":""MultiPoint"",""coordinates"":[]}"
000000000000000000ba,0,,New Zealand,new zealand,,8,18353,NZL,,,,FALSE,18354,2,New Zealand,new zealand,,,,,,,medium,,,454.9710952,"{""type"":""MultiPoint"",""coordinates"":[]}"
000000000000000000bb,0,,New Zealand,new zealand,,8,18354,NZL,,,,FALSE,18355,2,New Zealand,new zealand,,,,,,,medium,,,2459.081023,"{""type"":""MultiPoint"",""coordinates"":[]}"
000000000000000000bc,0,,New Zealand,new zealand,,8,18355,NZL,,,,FALSE,18356,2,New Zealand,new zealand,,,,,,,medium,,,1277.641533,"{""type"":""MultiPoint"",""coordinates"":[]}"
000000000000000000bd,0,,New Zealand,new zealand,,8,18356,NZL,,,,FALSE,18357,2,New Zealand,new zealand,,,,,,,medium,,,902.27566,"{""type"":""MultiPoint"",""coordinates"":[]}"
000000000000000000be,0,,New Zealand,new zealand,,8,18357,NZL,,,,FALSE,18358,2,New Zealand,new zealand,,,,,,,medium,,,193.2249378,"{""type"":""MultiPoint"",""coordinates"":[]}"
000000000000000000bf,0,,New Zealand,new zealand,,8,18358,NZL,,,,FALSE,18359,2,New Zealand,new zealand,,,,,,,medium,,,0,"{""type"":""MultiPoint"",""coordinates"":[]}"
000000000000000000c0,0,,New Zealand,new zealand,,8,18714,NZL,,,,FALSE,18715,2,New Zealand,new zealand,,,,,,,medium,,,381.6765656,"{""type"":""MultiPoint"",""coordinates"":[]}"
000000000000000000c1,0,,New Zealand,new zealand,,8,18715,NZL,,,,FALSE,18716,2,New Zealand,new zealand,,,,,,,medium,,,2378.910846,"{""type"":""MultiPoint"",""coordinates"":[]}"
000000000000000000c2,0,,New Zealand,new zealand,,8,18716,NZL,,,,FALSE,18717,2,New Zealand,new zealand,,,,,,,medium,,,2112.066123,"{""type"":""MultiPoint"",""coordinates"":[]}"
000000000000000000c3,0,,New Zealand,new zealand,,8,18717,NZL,,,,FALSE,18718,2,New Zealand,new zealand,,,,,,,medium,,,1680.002148,"{""type"":""MultiPoint"",""coordinates"":[]}"
000000000000000000c4,0,,New Zealand,new zealand,,8,18718,NZL,,,,FALSE,18719,2,New Zealand,new zealand,,,,,,,medium,,,210.7127067,"{""type"":""MultiPoint"",""coordinates"":[]}"
000000000000000000c5,0,,New Zealand,new zealand,,8,19074,NZL,,,,FALSE,19075,2,New Zealand,new zealand,,,,,,,medium,,,393.1630277,"{""type"":""MultiPoint"",""coordinates"":[]}"
000000000000000000c6,0,,New Zealand,new zealand,,8,19075,NZL,,,,FALSE,19076,2,New Zealand,new zealand,,,,,,,medium,,,2011.721243,"{""type"":""MultiPoint"",""coordinates"":[]}"
000000000000000000c7,0,,New Zealand,new zealand,,8,19076,NZL,,,,FALSE,19077,2,New Zealand,new zealand,,,,,,,medium,,,992.421976,"{""type"":""MultiPoint"",""coordinates"":[]}"
000000000000000000c8,0,,New Zealand,new zealand,,8,19077,NZL,,,,FALSE,19078,2,New Zealand,new zealand,,,,,,,medium,,,177.225613,"{""type"":""MultiPoint"",""coordinates"":[]}"
000000000000000000c9,0,,New Zealand,new zealand,,8,19078,NZL,,,,FALSE,19079,2,New Zealand,new zealand,,,,,,,medium,,,537.094271,"{""type"":""MultiPoint"",""coordinates"":[]}"
000000000000000000ca,0,,New Zealand,new zealand,,8,19433,NZL,,,,FALSE,19434,2,New Zealand,new zealand,,,,,,,medium,,,33.66987973,"{""type"":""MultiPoint"",""coordinates"":[]}"
000000000000000000cb,0,,New Zealand,new zealand,,8,19434,NZL,,,,FALSE,19435,2,New Zealand,new zealand,,,,,,,medium,,,819.2606298,"{""type"":""MultiPoint"",""coordinates"":[]}"
000000000000000000cc,0,,New Zealand,new zealand,,8,19435,NZL,,,,FALSE,19436,2,New Zealand,new zealand,,,,,,,medium,,,310.4229187,"{""type"":""MultiPoint"",""coordinates"":[]}"
000000000000000000cd,0,,New Zealand,new zealand,,8,19436,NZL,,,,FALSE,19437,2,New Zealand,new zealand,,,,,,,medium,,,0,"{""type"":""MultiPoint"",""coordinates"":[]}"
000000000000000000ce,0,,New Zealand,new zealand,,8,19793,NZL,,,,FALSE,19794,2,New Zealand,new zealand,,,,,,,medium,,,947.6295199,"{""type"":""MultiPoint"",""coordinates"":[]}"
000000000000000000cf,0,,New Zealand,new zealand,,8,19794,NZL,,,,FALSE,19795,2,New Zealand,new zealand,,,,,,,medium,,,164.4104907,"{""type"":""MultiPoint"",""coordinates"":[]}"
000000000000000000d0,0,,New Zealand,new zealand,,8,19795,NZL,,,,FALSE,19796,2,New Zealand,new zealand,,,,,,,medium,,,0,"{""type"":""MultiPoint"",""coordinates"":[]}"
000000000000000000d1,0,,New Zealand,new zealand,,8,20152,NZL,,,,FALSE,20153,2,New Zealand,new zealand,,,,,,,medium,,,145.2126517,"{""type"":""MultiPoint"",""coordinates"":[]}"
000000000000000000d2,0,,New Zealand,new zealand,,8,20153,NZL,,,,FALSE,20154,2,New Zealand,new zealand,,,,,,,medium,,,66.42655273,"{""type"":""MultiPoint"",""coordinates"":[]}"
000000000000000000d3,0,,New Zealand,new zealand,,8,20881,NZL,,,,FALSE,20882,2,New Zealand,new zealand,,,,,,,medium,,,0,"{""type"":""MultiPoint"",""coordinates"":[]}"
000000000000000000d4,0,,New Zealand,new zealand,,8,21241,NZL,,,,FALSE,21242,2,New Zealand,new zealand,,,,,,,medium,,,0,"{""type"":""MultiPoint"",""coordinates"":[]}"
000000000000000000d5,0,,New Zealand,new zealand,,8,21602,NZL,,,,FALSE,21603,2,New Zealand,new zealand,,,,,,,medium,,,0,"{""type"":""MultiPoint"",""coordinates"":[]}"